<?xml version="1.0"?>
<doc>
    <assembly>
        <name>Microsoft.AspNetCore.SignalR.Protocols.Json</name>
    </assembly>
    <members>
        <member name="T:Microsoft.AspNetCore.SignalR.JsonHubProtocolOptions">
            <summary>
            Options used to configure a <see cref="T:Microsoft.AspNetCore.SignalR.Protocol.JsonHubProtocol"/> instance.
            </summary>
        </member>
        <member name="P:Microsoft.AspNetCore.SignalR.JsonHubProtocolOptions.PayloadSerializerOptions">
            <summary>
            Gets or sets the settings used to serialize invocation arguments and return values.
            </summary>
        </member>
        <member name="T:Microsoft.AspNetCore.SignalR.Protocol.JsonHubProtocol">
            <summary>
            Implements the SignalR Hub Protocol using System.Text.Json.
            </summary>
        </member>
        <member name="F:Microsoft.AspNetCore.SignalR.Protocol.JsonHubProtocol._payloadSerializerOptions">
            <summary>
            Gets the serializer used to serialize invocation arguments and return values.
            </summary>
        </member>
        <member name="M:Microsoft.AspNetCore.SignalR.Protocol.JsonHubProtocol.#ctor">
            <summary>
            Initializes a new instance of the <see cref="T:Microsoft.AspNetCore.SignalR.Protocol.JsonHubProtocol"/> class.
            </summary>
        </member>
        <member name="M:Microsoft.AspNetCore.SignalR.Protocol.JsonHubProtocol.#ctor(Microsoft.Extensions.Options.IOptions{Microsoft.AspNetCore.SignalR.JsonHubProtocolOptions})">
            <summary>
            Initializes a new instance of the <see cref="T:Microsoft.AspNetCore.SignalR.Protocol.JsonHubProtocol"/> class.
            </summary>
            <param name="options">The options used to initialize the protocol.</param>
        </member>
        <member name="P:Microsoft.AspNetCore.SignalR.Protocol.JsonHubProtocol.Name">
            <inheritdoc />
        </member>
        <member name="P:Microsoft.AspNetCore.SignalR.Protocol.JsonHubProtocol.Version">
            <inheritdoc />
        </member>
        <member name="P:Microsoft.AspNetCore.SignalR.Protocol.JsonHubProtocol.TransferFormat">
            <inheritdoc />
        </member>
        <member name="M:Microsoft.AspNetCore.SignalR.Protocol.JsonHubProtocol.IsVersionSupported(System.Int32)">
            <inheritdoc />
        </member>
        <member name="M:Microsoft.AspNetCore.SignalR.Protocol.JsonHubProtocol.TryParseMessage(System.Buffers.ReadOnlySequence{System.Byte}@,Microsoft.AspNetCore.SignalR.IInvocationBinder,Microsoft.AspNetCore.SignalR.Protocol.HubMessage@)">
            <inheritdoc />
        </member>
        <member name="M:Microsoft.AspNetCore.SignalR.Protocol.JsonHubProtocol.WriteMessage(Microsoft.AspNetCore.SignalR.Protocol.HubMessage,System.Buffers.IBufferWriter{System.Byte})">
            <inheritdoc />
        </member>
        <member name="M:Microsoft.AspNetCore.SignalR.Protocol.JsonHubProtocol.GetMessageBytes(Microsoft.AspNetCore.SignalR.Protocol.HubMessage)">
            <inheritdoc />
        </member>
        <member name="T:Microsoft.Extensions.DependencyInjection.JsonProtocolDependencyInjectionExtensions">
            <summary>
            Extension methods for <see cref="T:Microsoft.AspNetCore.SignalR.ISignalRBuilder"/>.
            </summary>
        </member>
        <member name="M:Microsoft.Extensions.DependencyInjection.JsonProtocolDependencyInjectionExtensions.AddJsonProtocol``1(``0)">
            <summary>
            Enables the JSON protocol for SignalR.
            </summary>
            <remarks>
            This has no effect if the JSON protocol has already been enabled.
            </remarks>
            <param name="builder">The <see cref="T:Microsoft.AspNetCore.SignalR.ISignalRBuilder"/> representing the SignalR server to add JSON protocol support to.</param>
            <returns>The value of <paramref name="builder"/></returns>
        </member>
        <member name="M:Microsoft.Extensions.DependencyInjection.JsonProtocolDependencyInjectionExtensions.AddJsonProtocol``1(``0,System.Action{Microsoft.AspNetCore.SignalR.JsonHubProtocolOptions})">
            <summary>
            Enables the JSON protocol for SignalR and allows options for the JSON protocol to be configured.
            </summary>
            <remarks>
            Any options configured here will be applied, even if the JSON protocol has already been registered with the server.
            </remarks>
            <param name="builder">The <see cref="T:Microsoft.AspNetCore.SignalR.ISignalRBuilder"/> representing the SignalR server to add JSON protocol support to.</param>
            <param name="configure">A delegate that can be used to configure the <see cref="T:Microsoft.AspNetCore.SignalR.JsonHubProtocolOptions"/></param>
            <returns>The value of <paramref name="builder"/></returns>
        </member>
        <member name="T:System.Diagnostics.CodeAnalysis.AllowNullAttribute">
            <summary>Specifies that null is allowed as an input even if the corresponding type disallows it.</summary>
        </member>
        <member name="T:System.Diagnostics.CodeAnalysis.DisallowNullAttribute">
            <summary>Specifies that null is disallowed as an input even if the corresponding type allows it.</summary>
        </member>
        <member name="T:System.Diagnostics.CodeAnalysis.MaybeNullAttribute">
            <summary>Specifies that an output may be null even if the corresponding type disallows it.</summary>
        </member>
        <member name="T:System.Diagnostics.CodeAnalysis.NotNullAttribute">
            <summary>Specifies that an output will not be null even if the corresponding type allows it. Specifies that an input argument was not null when the call returns.</summary>
        </member>
        <member name="T:System.Diagnostics.CodeAnalysis.MaybeNullWhenAttribute">
            <summary>Specifies that when a method returns <see cref="P:System.Diagnostics.CodeAnalysis.MaybeNullWhenAttribute.ReturnValue"/>, the parameter may be null even if the corresponding type disallows it.</summary>
        </member>
        <member name="M:System.Diagnostics.CodeAnalysis.MaybeNullWhenAttribute.#ctor(System.Boolean)">
            <summary>Initializes the attribute with the specified return value condition.</summary>
            <param name="returnValue">
            The return value condition. If the method returns this value, the associated parameter may be null.
            </param>
        </member>
        <member name="P:System.Diagnostics.CodeAnalysis.MaybeNullWhenAttribute.ReturnValue">
            <summary>Gets the return value condition.</summary>
        </member>
        <member name="T:System.Diagnostics.CodeAnalysis.NotNullWhenAttribute">
            <summary>Specifies that when a method returns <see cref="P:System.Diagnostics.CodeAnalysis.NotNullWhenAttribute.ReturnValue"/>, the parameter will not be null even if the corresponding type allows it.</summary>
        </member>
        <member name="M:System.Diagnostics.CodeAnalysis.NotNullWhenAttribute.#ctor(System.Boolean)">
            <summary>Initializes the attribute with the specified return value condition.</summary>
            <param name="returnValue">
            The return value condition. If the method returns this value, the associated parameter will not be null.
            </param>
        </member>
        <member name="P:System.Diagnostics.CodeAnalysis.NotNullWhenAttribute.ReturnValue">
            <summary>Gets the return value condition.</summary>
        </member>
        <member name="T:System.Diagnostics.CodeAnalysis.NotNullIfNotNullAttribute">
            <summary>Specifies that the output will be non-null if the named parameter is non-null.</summary>
        </member>
        <member name="M:System.Diagnostics.CodeAnalysis.NotNullIfNotNullAttribute.#ctor(System.String)">
            <summary>Initializes the attribute with the associated parameter name.</summary>
            <param name="parameterName">
            The associated parameter name.  The output will be non-null if the argument to the parameter specified is non-null.
            </param>
        </member>
        <member name="P:System.Diagnostics.CodeAnalysis.NotNullIfNotNullAttribute.ParameterName">
            <summary>Gets the associated parameter name.</summary>
        </member>
        <member name="T:System.Diagnostics.CodeAnalysis.DoesNotReturnAttribute">
            <summary>Applied to a method that will never return under any circumstance.</summary>
        </member>
        <member name="T:System.Diagnostics.CodeAnalysis.DoesNotReturnIfAttribute">
            <summary>Specifies that the method will not return if the associated Boolean parameter is passed the specified value.</summary>
        </member>
        <member name="M:System.Diagnostics.CodeAnalysis.DoesNotReturnIfAttribute.#ctor(System.Boolean)">
            <summary>Initializes the attribute with the specified parameter value.</summary>
            <param name="parameterValue">
            The condition parameter value. Code after the method will be considered unreachable by diagnostics if the argument to
            the associated parameter matches this value.
            </param>
        </member>
        <member name="P:System.Diagnostics.CodeAnalysis.DoesNotReturnIfAttribute.ParameterValue">
            <summary>Gets the condition parameter value.</summary>
        </member>
        <member name="T:System.Diagnostics.CodeAnalysis.MemberNotNullAttribute">
            <summary>Specifies that the method or property will ensure that the listed field and property members have not-null values.</summary>
        </member>
        <member name="M:System.Diagnostics.CodeAnalysis.MemberNotNullAttribute.#ctor(System.String)">
            <summary>Initializes the attribute with a field or property member.</summary>
            <param name="member">
            The field or property member that is promised to be not-null.
            </param>
        </member>
        <member name="M:System.Diagnostics.CodeAnalysis.MemberNotNullAttribute.#ctor(System.String[])">
            <summary>Initializes the attribute with the list of field and property members.</summary>
            <param name="members">
            The list of field and property members that are promised to be not-null.
            </param>
        </member>
        <member name="P:System.Diagnostics.CodeAnalysis.MemberNotNullAttribute.Members">
            <summary>Gets field or property member names.</summary>
        </member>
        <member name="T:System.Diagnostics.CodeAnalysis.MemberNotNullWhenAttribute">
            <summary>Specifies that the method or property will ensure that the listed field and property members have not-null values when returning with the specified return value condition.</summary>
        </member>
        <member name="M:System.Diagnostics.CodeAnalysis.MemberNotNullWhenAttribute.#ctor(System.Boolean,System.String)">
            <summary>Initializes the attribute with the specified return value condition and a field or property member.</summary>
            <param name="returnValue">
            The return value condition. If the method returns this value, the associated parameter will not be null.
            </param>
            <param name="member">
            The field or property member that is promised to be not-null.
            </param>
        </member>
        <member name="M:System.Diagnostics.CodeAnalysis.MemberNotNullWhenAttribute.#ctor(System.Boolean,System.String[])">
            <summary>Initializes the attribute with the specified return value condition and list of field and property members.</summary>
            <param name="returnValue">
            The return value condition. If the method returns this value, the associated parameter will not be null.
            </param>
            <param name="members">
            The list of field and property members that are promised to be not-null.
            </param>
        </member>
        <member name="P:System.Diagnostics.CodeAnalysis.MemberNotNullWhenAttribute.ReturnValue">
            <summary>Gets the return value condition.</summary>
        </member>
        <member name="P:System.Diagnostics.CodeAnalysis.MemberNotNullWhenAttribute.Members">
            <summary>Gets field or property member names.</summary>
        </member>
    </members>
</doc>
