<?xml version="1.0"?>
<doc>
    <assembly>
        <name>Microsoft.AspNetCore.SignalR.Client</name>
    </assembly>
    <members>
        <member name="T:Microsoft.AspNetCore.SignalR.Client.HubConnectionBuilderHttpExtensions">
            <summary>
            Extension methods for <see cref="T:Microsoft.AspNetCore.SignalR.Client.IHubConnectionBuilder"/>.
            </summary>
        </member>
        <member name="M:Microsoft.AspNetCore.SignalR.Client.HubConnectionBuilderHttpExtensions.WithUrl(Microsoft.AspNetCore.SignalR.Client.IHubConnectionBuilder,System.String)">
            <summary>
            Configures the <see cref="T:Microsoft.AspNetCore.SignalR.Client.HubConnection" /> to use HTTP-based transports to connect to the specified URL.
            </summary>
            <param name="hubConnectionBuilder">The <see cref="T:Microsoft.AspNetCore.SignalR.Client.IHubConnectionBuilder" /> to configure.</param>
            <param name="url">The URL the <see cref="T:Microsoft.AspNetCore.Http.Connections.Client.HttpConnection"/> will use.</param>
            <returns>The same instance of the <see cref="T:Microsoft.AspNetCore.SignalR.Client.IHubConnectionBuilder"/> for chaining.</returns>
        </member>
        <member name="M:Microsoft.AspNetCore.SignalR.Client.HubConnectionBuilderHttpExtensions.WithUrl(Microsoft.AspNetCore.SignalR.Client.IHubConnectionBuilder,System.String,System.Action{Microsoft.AspNetCore.Http.Connections.Client.HttpConnectionOptions})">
            <summary>
            Configures the <see cref="T:Microsoft.AspNetCore.SignalR.Client.HubConnection" /> to use HTTP-based transports to connect to the specified URL.
            </summary>
            <param name="hubConnectionBuilder">The <see cref="T:Microsoft.AspNetCore.SignalR.Client.IHubConnectionBuilder" /> to configure.</param>
            <param name="url">The URL the <see cref="T:Microsoft.AspNetCore.Http.Connections.Client.HttpConnection"/> will use.</param>
            <param name="configureHttpConnection">The delegate that configures the <see cref="T:Microsoft.AspNetCore.Http.Connections.Client.HttpConnection"/>.</param>
            <returns>The same instance of the <see cref="T:Microsoft.AspNetCore.SignalR.Client.IHubConnectionBuilder"/> for chaining.</returns>
        </member>
        <member name="M:Microsoft.AspNetCore.SignalR.Client.HubConnectionBuilderHttpExtensions.WithUrl(Microsoft.AspNetCore.SignalR.Client.IHubConnectionBuilder,System.String,Microsoft.AspNetCore.Http.Connections.HttpTransportType)">
            <summary>
            Configures the <see cref="T:Microsoft.AspNetCore.SignalR.Client.HubConnection" /> to use HTTP-based transports to connect to the specified URL and transports.
            </summary>
            <param name="hubConnectionBuilder">The <see cref="T:Microsoft.AspNetCore.SignalR.Client.IHubConnectionBuilder" /> to configure.</param>
            <param name="url">The URL the <see cref="T:Microsoft.AspNetCore.Http.Connections.Client.HttpConnection"/> will use.</param>
            <param name="transports">A bitmask combining one or more <see cref="T:Microsoft.AspNetCore.Http.Connections.HttpTransportType"/> values that specify what transports the client should use.</param>
            <returns>The same instance of the <see cref="T:Microsoft.AspNetCore.SignalR.Client.IHubConnectionBuilder"/> for chaining.</returns>
        </member>
        <member name="M:Microsoft.AspNetCore.SignalR.Client.HubConnectionBuilderHttpExtensions.WithUrl(Microsoft.AspNetCore.SignalR.Client.IHubConnectionBuilder,System.String,Microsoft.AspNetCore.Http.Connections.HttpTransportType,System.Action{Microsoft.AspNetCore.Http.Connections.Client.HttpConnectionOptions})">
            <summary>
            Configures the <see cref="T:Microsoft.AspNetCore.SignalR.Client.HubConnection" /> to use HTTP-based transports to connect to the specified URL and transports.
            </summary>
            <param name="hubConnectionBuilder">The <see cref="T:Microsoft.AspNetCore.SignalR.Client.IHubConnectionBuilder" /> to configure.</param>
            <param name="url">The URL the <see cref="T:Microsoft.AspNetCore.Http.Connections.Client.HttpConnection"/> will use.</param>
            <param name="transports">A bitmask combining one or more <see cref="T:Microsoft.AspNetCore.Http.Connections.HttpTransportType"/> values that specify what transports the client should use.</param>
            <param name="configureHttpConnection">The delegate that configures the <see cref="T:Microsoft.AspNetCore.Http.Connections.Client.HttpConnection"/>.</param>
            <returns>The same instance of the <see cref="T:Microsoft.AspNetCore.SignalR.Client.IHubConnectionBuilder"/> for chaining.</returns>
        </member>
        <member name="M:Microsoft.AspNetCore.SignalR.Client.HubConnectionBuilderHttpExtensions.WithUrl(Microsoft.AspNetCore.SignalR.Client.IHubConnectionBuilder,System.Uri)">
            <summary>
            Configures the <see cref="T:Microsoft.AspNetCore.SignalR.Client.HubConnection" /> to use HTTP-based transports to connect to the specified URL.
            </summary>
            <param name="hubConnectionBuilder">The <see cref="T:Microsoft.AspNetCore.SignalR.Client.IHubConnectionBuilder" /> to configure.</param>
            <param name="url">The URL the <see cref="T:Microsoft.AspNetCore.Http.Connections.Client.HttpConnection"/> will use.</param>
            <returns>The same instance of the <see cref="T:Microsoft.AspNetCore.SignalR.Client.IHubConnectionBuilder"/> for chaining.</returns>
        </member>
        <member name="M:Microsoft.AspNetCore.SignalR.Client.HubConnectionBuilderHttpExtensions.WithUrl(Microsoft.AspNetCore.SignalR.Client.IHubConnectionBuilder,System.Uri,System.Action{Microsoft.AspNetCore.Http.Connections.Client.HttpConnectionOptions})">
            <summary>
            Configures the <see cref="T:Microsoft.AspNetCore.SignalR.Client.HubConnection" /> to use HTTP-based transports to connect to the specified URL.
            </summary>
            <param name="hubConnectionBuilder">The <see cref="T:Microsoft.AspNetCore.SignalR.Client.IHubConnectionBuilder" /> to configure.</param>
            <param name="url">The URL the <see cref="T:Microsoft.AspNetCore.Http.Connections.Client.HttpConnection"/> will use.</param>
            <param name="configureHttpConnection">The delegate that configures the <see cref="T:Microsoft.AspNetCore.Http.Connections.Client.HttpConnection"/>.</param>
            <returns>The same instance of the <see cref="T:Microsoft.AspNetCore.SignalR.Client.IHubConnectionBuilder"/> for chaining.</returns>
        </member>
        <member name="M:Microsoft.AspNetCore.SignalR.Client.HubConnectionBuilderHttpExtensions.WithUrl(Microsoft.AspNetCore.SignalR.Client.IHubConnectionBuilder,System.Uri,Microsoft.AspNetCore.Http.Connections.HttpTransportType)">
            <summary>
            Configures the <see cref="T:Microsoft.AspNetCore.SignalR.Client.HubConnection" /> to use HTTP-based transports to connect to the specified URL and transports.
            </summary>
            <param name="hubConnectionBuilder">The <see cref="T:Microsoft.AspNetCore.SignalR.Client.IHubConnectionBuilder" /> to configure.</param>
            <param name="url">The URL the <see cref="T:Microsoft.AspNetCore.Http.Connections.Client.HttpConnection"/> will use.</param>
            <param name="transports">A bitmask combining one or more <see cref="T:Microsoft.AspNetCore.Http.Connections.HttpTransportType"/> values that specify what transports the client should use.</param>
            <returns>The same instance of the <see cref="T:Microsoft.AspNetCore.SignalR.Client.IHubConnectionBuilder"/> for chaining.</returns>
        </member>
        <member name="M:Microsoft.AspNetCore.SignalR.Client.HubConnectionBuilderHttpExtensions.WithUrl(Microsoft.AspNetCore.SignalR.Client.IHubConnectionBuilder,System.Uri,Microsoft.AspNetCore.Http.Connections.HttpTransportType,System.Action{Microsoft.AspNetCore.Http.Connections.Client.HttpConnectionOptions})">
            <summary>
            Configures the <see cref="T:Microsoft.AspNetCore.SignalR.Client.HubConnection" /> to use HTTP-based transports to connect to the specified URL and transports.
            </summary>
            <param name="hubConnectionBuilder">The <see cref="T:Microsoft.AspNetCore.SignalR.Client.IHubConnectionBuilder" /> to configure.</param>
            <param name="url">The URL the <see cref="T:Microsoft.AspNetCore.Http.Connections.Client.HttpConnection"/> will use.</param>
            <param name="transports">A bitmask combining one or more <see cref="T:Microsoft.AspNetCore.Http.Connections.HttpTransportType"/> values that specify what transports the client should use.</param>
            <param name="configureHttpConnection">The delegate that configures the <see cref="T:Microsoft.AspNetCore.Http.Connections.Client.HttpConnection"/>.</param>
            <returns>The same instance of the <see cref="T:Microsoft.AspNetCore.SignalR.Client.IHubConnectionBuilder"/> for chaining.</returns>
        </member>
    </members>
</doc>
